iteration,x1,x2
0,-1.86612,-0.680143
1,-1.77338,0.895901
2,-1.74759,0.873187
3,-1.74755,0.873776
